attendance,participation,assignment_scores,midterm_exam,prev_gpa,final_grade
68.72700594236812,6.981617140197452,59.25664644193098,71.14490710817309,2.523411367471812,A
97.53571532049581,5.360963663441204,77.0950473689179,68.75091265778386,2.4939575981439996,A
86.59969709057026,3.0952761628632777,93.64729179382041,41.53852394838614,3.8125091610420734,A
79.93292420985183,8.137950197069486,86.61124432047805,60.474869657569386,2.499092399699012,A
57.80093202212183,6.847311725538793,90.32805739307248,62.811737127151424,2.543899452257262,A
57.79972601681013,1.626169393448913,82.93916833553587,63.92936685381403,3.5187965248359276,A
52.90418060840997,9.109271844938425,84.61382822589263,74.81034215363994,2.89947968490108,A
93.30880728874675,8.22537242923169,92.45978257826596,72.0161528036127,3.553421113910362,A
80.05575058716045,9.49799913291924,62.483400442959294,76.47430556760668,2.1307323151287703,A
85.40362888980228,7.2571950838836,74.47124818215703,85.8929956925277,2.975142387346769,A
51.029224714790125,6.134151959357899,61.06047209098011,88.7791443229656,2.067227200366565,A
98.49549260809971,4.182430362906189,99.38340039983234,83.08738457358967,2.125306406910709,A
91.62213204002109,9.327284833540133,97.20296698433066,97.33142175729608,3.8128749066888217,A
60.61695553391381,8.660638895004084,51.9713405684253,41.0939549605817,2.2784907422351903,A
59.09124836035503,0.45218670106189407,85.27875862578442,51.74667914101276,3.064841364550434,B
59.17022549267169,0.26366974497252005,96.26241587078329,40.45377249868853,2.8221912052014133,B
65.21211214797688,3.7646336687804958,59.02876725636668,78.84848284927618,2.694686652517685,A
76.2378215816119,8.105533307818328,78.39726152763147,93.88183293699922,3.799666691374545,A
71.5972509321058,9.872761293149445,95.77441487940209,54.608937794577955,2.043646793550979,A
64.5614570099021,1.5041689110352818,51.69729892928994,95.6220726877784,3.3275793723511784,A
80.59264473611897,5.941307153521351,84.871013362342,43.61604341737365,3.926788868427101,A
56.97469303260209,3.8089085663102153,64.86745036862754,96.06616160833086,3.120336366923684,A
64.6072324267609,9.699143978146033,96.21980976882652,61.09736123437806,3.8736449240661837,A
68.31809216468459,8.421189231357086,98.55291225826838,46.08524970695299,2.1045157585720475,A
72.8034992108518,8.383287047111379,97.2133244556717,69.15230555117954,2.8375866381483226,A
89.25879806965068,4.686931597949703,73.71071083287319,55.40659406323048,2.5203155819241023,A
59.98368910791799,4.148195023376652,93.10213254946567,57.092374117715366,3.4616419299614596,A
75.71172192068059,2.7340707193070624,92.22746992675351,58.43739789557719,3.9625941809944933,A
79.62072844310212,0.5637549665092711,65.95502366216279,88.1815538699598,2.5130601248884954,A
52.32252063599989,8.647223762550531,91.44577370753387,72.34967660051527,3.3083492029481487,A
80.37724259507192,8.129010091300776,51.85038173577463,58.67846194936022,2.3961952655194803,A
58.526206184364575,9.997176732861305,79.81349392410266,76.6200269986551,3.13066050914322,A
53.25257964926398,9.966368370739055,61.50044186438515,82.96904045339161,2.927864973376672,A
97.44427686266667,5.5543170560262745,56.02834428886394,56.35744004401202,3.944010659263074,A
98.28160165372796,7.689874151805105,53.84766008146046,64.8129460915211,3.217054545392933,A
90.41986740582306,9.44765729882428,84.81443879390699,47.313165600216855,2.6990127441736376,A
65.23068845866854,8.496473906774115,66.9937481884033,50.86896097208082,2.2281915697758667,A
54.883605700319194,2.4734810174319763,86.23833857643808,80.86707123789897,2.302493657469869,A
84.21165132560785,4.505441353100935,53.26781703994712,50.88630086173762,2.45063385990247,A
72.00762468698007,1.2915941515149498,65.76451689153052,71.50980302002361,2.501933322680596,B
56.10191174223894,9.540510272587223,76.97456461876686,82.54277570334597,3.7012321156822754,A
74.75884550556351,6.0617463445088005,89.53615824194819,46.41261538568463,3.12244557656505,A
51.71942605576092,2.2864280550346274,65.9376251466035,74.03873317773422,3.046781822748733,A
95.4660201039391,6.7170068440585675,81.29456882185045,55.393767022081825,2.229537743738435,A
62.93899908000085,6.181282404578958,94.29888741180935,97.77561251425479,3.72027938669887,A
83.1261142176991,3.5816271803284048,80.79315940911523,69.01273880319548,3.4456286064169674,A
65.58555380447055,1.1355759219962902,61.64797373768169,88.35955298650948,2.135336723800003,B
76.00340105889055,6.715731955927996,51.220039077826904,73.0135925293757,3.4156701944595373,A
77.33551396716399,5.2030770090379335,93.50494369504649,42.60475197128915,3.087076434685292,A
59.24272277627635,7.723183917356393,51.063470542519354,77.98908253564134,2.1634506914935567,A
98.47923138822793,5.201635011119934,93.73508363420997,97.08420053239942,2.9166012830573127,A
88.75664116805572,8.5218150031854,76.4468567013606,76.09670920877987,2.9693925742600937,A
96.97494707820945,5.519068387744856,96.95338492564481,89.15133156560742,2.3315490803265515,A
94.74136752138244,5.609379715353863,89.93916178868326,93.05238780090447,3.8913962940005646,A
79.89499894055426,8.76653602658345,99.89670552666686,53.68478631693595,3.699950742961324,A
96.09371175115584,4.034828662123971,67.53559077258551,52.7226903944936,3.3380446746582164,A
54.424625102595975,1.3401522845064073,88.35941444655634,76.6588593310595,2.9245911220012144,A
59.79914312095726,0.28782676313338973,70.0965456804621,64.66170818840229,2.823531083169017,B
52.2613644455269,7.55137255673619,73.99378101519544,90.39167817200322,3.3019469343019083,A
66.26651653816322,6.203095513534647,81.37527316091851,94.00138740388067,3.0908637388138107,A
69.4338644844741,7.0407976809922355,93.68385570931693,61.20528275816309,2.1245462117637715,A
63.567451588694794,2.129641615089107,99.20417345996475,54.21223353846892,3.0250052975406634,A
91.43687545759647,1.3637147558676976,88.41367069322591,86.83153091463171,3.612807234465679,A
67.83766633467947,0.14544665667881929,70.8883391083667,56.48836213288817,2.918479755193916,B
64.04672548436903,3.5058755880659698,71.06785011385351,89.3568591108207,2.103913155108537,A
77.13480415791243,5.899176868546331,86.87911507944457,65.42429521892578,3.572556398768066,A
57.04621124873813,3.922440450997323,61.938857288415115,80.05299395748823,2.402727564271949,A
90.10984903770199,4.374749220237291,55.52370565656973,45.73211883008009,2.5172416697760776,A
53.727532183988544,9.041586944937483,67.73110788203883,77.43155948059439,2.329412706864592,A
99.34434683002587,3.4825546702330037,64.36194958270409,67.10606072423374,2.660430129742995,A
88.61223846483287,5.139894891598108,64.81540602279951,75.19650779052844,3.51350301137727,A
59.93578407670862,7.8365301274114305,61.680387552495496,50.0808524646918,3.0387717190078747,A
50.27610585618012,3.9654278232127016,52.104659481818096,84.21242469665093,2.4097625483014253,A
90.77307142274171,6.220867002278735,50.89369673667069,91.7678246525937,3.7556601563040815,A
85.34286719238085,8.623637087467452,99.38611948680158,53.00438800544654,3.759163709903058,A
86.45035840204937,9.495206236576422,71.38865668679311,45.7428733312097,3.741156850092014,A
88.56351733429729,1.4707348092903794,69.21633235798409,41.41831516278018,2.4775924227630783,B
53.70223258670452,9.265876251614944,83.9823641346535,78.51829002659596,2.902478688361976,A
67.92328642721363,4.921162930795382,60.912694393253204,76.42564216532685,3.96997931228175,A
55.79345297625649,2.5824438829895833,97.49805919751127,72.8018447628442,3.5440249526199805,A
93.15517129377967,4.591357562382613,89.3172507207776,53.916825766958524,2.0543348424511194,A
81.1649063413779,9.800325752854771,54.47055011561297,63.45435975433088,2.1304091825209843,A
66.54490124263246,4.926180939928696,70.87903878924642,75.66858011117039,2.9278627536246655,A
53.177917514301186,3.287516102875082,93.95591537810824,69.80601153155015,3.8184404117231203,A
65.54911608578311,6.334008543167258,97.2366011145705,99.26713121289325,3.0774035959054284,A
66.25916610133736,2.401456187781931,73.37007556249348,48.18638515340399,2.9956250160685807,A
86.4803089169032,0.7586332810866392,80.67056946053539,81.70867324285562,2.210947399913261,A
81.87787356776066,1.2887972191064923,58.35169730460376,64.25912608625752,3.313560209448588,A
94.36063712881634,1.2804583895777244,99.55843130684883,65.69197689553688,3.6442063212004507,A
73.61074625809746,1.5190269351229435,61.58358506917217,83.05586593949057,2.7608400150151247,A
55.97971229691508,1.3882717264941014,97.13658870675629,81.54616907946217,3.551223701850655,A
85.66223936114974,6.4087474480321465,82.48233244961843,99.4753596221313,3.928953307801623,A
88.03925243084487,1.8188008439914483,80.38683974394296,47.703657367247516,2.407532918255378,B
78.06385987847482,3.456672833238632,75.63442555082543,46.246578963049984,3.0466592623894826,A
88.54835899772806,8.967884099060118,61.53349058588793,83.46032902772447,2.5742759161691513,A
74.68977981821953,4.739616402628723,58.82640160027542,74.70321502038455,3.5857088380676787,A
76.1366414690997,6.675577385210271,61.02431045350877,56.44963999358835,3.1551867317623152,A
71.37705091792748,1.7231987120162984,59.32191310721272,44.765162139339196,3.2691648351006073,B
51.27095633720476,1.9228901880867078,88.97922367833766,45.13949497578583,3.595828319231788,A
55.39457134966522,0.40868616266478863,67.5062629583365,93.6514524798471,2.7919409453249098,B
51.57145928433671,1.6893506307216455,52.89213382816982,51.512039483124575,3.8301801368140866,B
81.82052056318902,2.7859033903195862,98.45513150704056,59.40229372693125,3.06605773449228,A
65.71779905381634,1.7701048427674682,94.18929424817128,53.59938413361928,2.315909645670696,B
75.42853455823514,0.8870253375705561,96.38761415976064,61.29977834991624,3.391798236337605,A
95.37832369630465,1.206358711006008,99.74539113232177,44.1654305647656,3.586522700876509,A
62.464611457443745,4.607787680327258,58.69476246097437,71.14358745449621,2.633523354135053,A
70.51914615178148,2.063337184057925,69.81210094513294,44.05675381553289,3.7143585139975057,A
87.77755692715243,3.6426986104807546,87.91192378520456,88.0213904693417,3.812286509531533,A
61.43990827458112,5.034172708548569,84.8010309026896,54.02272491462598,2.5538089747556176,A
53.84899549143965,6.903948286293653,57.69479531699275,72.40071487627063,3.9670429454304443,A
64.4875726456884,0.39312139841098936,90.79165624953089,92.80474525368749,2.281423056097517,A
58.06106436270022,7.994103989090426,61.22202859183304,79.05264214283164,2.40403133680498,A
96.48488261712865,6.279003894909078,61.19088074113115,71.97746719308012,2.3684496784760523,A
90.40601897822086,0.8175903194887191,76.84872114467068,59.460025186922536,3.787979420015741,A
81.67018782552117,8.735786241067773,79.64699674208515,59.98011478349187,3.3085851046499237,A
93.57302950938589,9.208724005318132,79.00431039189056,80.1692173118914,2.3042085664445455,A
90.18360384495573,0.6107795985486375,54.574341869887746,99.64836167327005,2.880646836736698,A
59.32850294430179,2.7687764814720373,93.87304313151901,79.71035139096271,3.230596050139604,A
94.62794992449889,8.062012797930613,63.2800021294353,73.46700504220149,2.1669281699787666,A
76.96711209578254,7.482596903836583,56.47574606414021,83.83903061435477,3.7648327368146774,A
90.37200775820313,1.8452101935637732,94.43740399344887,67.91233673702308,3.6072070708830704,A
94.80456499617466,2.093493233367103,97.78257491148767,43.60854055604711,3.0104135471532762,A
65.90017374859319,3.70472102791382,93.10638086327253,73.73780895267458,3.934253230518341,A
55.50259622638384,4.845229851910213,90.4758037362439,97.45751707032281,2.835521958550199,A
61.39675812709709,6.1825477153029595,82.7620990319511,50.51817654145958,3.968220638072996,A
71.35538943131282,3.689136395697724,77.54286853045696,81.40029344923994,3.335839997607254,A
90.90073829612466,4.625347161331479,54.34933799557051,52.05602131954339,3.269342546507883,A
93.03652916281717,7.474709381337565,70.42266065353493,72.14966106838487,2.33190979059157,A
50.34760652655954,0.366832028905979,68.6344258506157,45.800586978803175,3.763855516609288,B
75.53736512887829,2.5243694434402073,62.98768918801631,67.02225617549111,2.8549793758412303,A
70.87055015743894,7.133495858845524,86.17100568442925,85.36979973371476,2.3244668115649585,A
61.105390523536514,8.952068376871994,74.79378675393855,60.85429145433892,2.025215039951518,A
55.99326836668414,5.116774421156661,54.0523107953824,79.89470346923308,3.119511367276765,A
66.8807585701814,5.321134852653157,61.009160097490565,87.72699764738375,3.054799244245353,A
97.14548519562595,1.0717201133977605,84.16293818297979,95.63066916876716,3.438707244738317,A
66.16014660103777,4.474123668234546,53.80654297451501,54.078524911327214,3.7805161060356043,A
75.9395310871683,5.326172664550231,92.56034570243844,63.958954948558485,2.1588131692860593,A
85.15094794475888,2.4247050363472966,74.75732635069872,49.14496079982504,3.462992980680725,A
68.1814801189647,2.6924323094938094,74.0293288663324,99.5490101295025,2.3748238881951647,A
98.58910413604804,3.7728416310462265,79.62038923297588,95.62005807545772,3.716354106314328,A
98.12236474710556,0.20071197777726368,91.23404829625746,72.39742781683358,3.6381270277233124,A
62.58911479126821,3.220791655831783,67.39046039510966,90.52199766258528,3.0815875099710888,A
74.86242529461927,2.1144800699654462,83.90080762795318,71.25747863632253,3.420485597246623,A
65.04391549083849,3.2749735217791462,78.28659819978955,77.41514128016559,2.6287002263674966,A
64.24202471887338,1.1976213181925122,63.35141350847107,45.34746592696099,2.9423357978656295,B
51.84434736772664,8.90527280739895,93.9314993177579,85.31622522980848,3.643273795420943,A
80.47821669899484,5.935924535540487,89.8713010803464,47.66280901811409,2.918530394346428,A
75.13395116144308,6.791023191444896,82.92259173292128,89.5640578151517,2.715596530650884,A
52.57393756249947,7.891712386073383,92.52908645471209,86.92168526022316,2.9884248945006,A
63.93232321183057,4.984421989290572,93.36471004799012,82.52468186457858,3.6564985048744365,A
95.41329429833269,0.8692028808742369,85.41814883575174,42.169622831485725,2.6704160947417455,B
61.978094533348624,5.371065418185478,91.85066641818361,58.187701356719714,2.347523186271488,A
57.24474360456115,5.868411180208791,84.87357308346418,55.78675419465057,3.4240280406615615,A
74.47263801387815,7.4543947418433,84.00703858801502,61.60818444829114,3.651956425416164,A
99.28252270553003,4.316595462296794,80.93056891075922,45.25856480583031,2.2012749570470667,A
62.10276357557502,1.2758030279556376,87.63583197788206,96.21746938186376,2.4797482255118894,A
83.60677737029393,2.8377590579872445,57.93025526465368,73.22813444274257,2.283943979521988,A
88.08098076643589,3.630822963986351,94.04353795994642,58.33145863948141,2.6958828231643333,A
61.881877199619986,6.459172413316012,93.5921763872616,63.818891024457,2.900701957810825,A
86.41081743059297,5.707783046689119,51.462364151727954,66.83215243029014,3.4976526739266127,A
68.38915663596266,3.5609672589784624,91.29083752823814,76.03566000163704,3.3022951697633482,A
81.61529152967897,9.865152487929796,56.44349337367226,70.94076566178987,3.241857134956862,A
81.67648553804473,6.057748193568871,66.7559427129571,95.16351839286504,2.704749893219309,A
76.78873420373793,2.372267917359945,87.1754128145804,69.81780897434982,3.6828951061695197,A
54.51448850272041,1.0178247262040374,58.03799480241541,99.52948088939877,2.942574334796329,A
91.7651247794619,1.5285913918433203,90.8983512059531,91.08549746470575,3.958209876030309,A
66.0390032485868,2.459577283845081,91.6067088978871,52.51063086144015,3.2682842765914737,A
59.32592551999271,1.6068137325955567,75.37338668804182,95.83571287863498,2.2525294831290052,A
52.0387570777382,1.8656702405130576,50.31929358584168,46.98198387312856,3.352355124150868,B
79.5446471594121,2.850951686938471,64.35190665874563,89.04698250947149,2.650208030863398,A
83.87821809211411,1.7337359529475482,80.84634591878711,62.837397608594806,3.372654393372195,A
50.829391446392805,8.967654246264251,99.05930890137117,92.67845922670418,2.1392822963248115,A
75.60465291496405,0.8023374566164221,81.59067635083342,92.08340140644702,2.349762874351919,A
61.3247887598969,5.245113895702547,62.99017905320799,88.35552400705727,3.7114745178115727,A
82.25863952047249,4.103968269896615,81.70028515498056,87.40182617842368,2.4543591140470298,A
58.718321450249576,9.823786169086064,76.99926898579278,58.280748345882444,3.6740822504858803,A
84.5468869051233,1.1203890216805235,88.99226975755718,44.85515698307513,2.5585521769088206,B
69.33676731502686,3.9785559904574166,55.34903194134792,64.17881072590968,3.285763820117415,A
96.83649943683673,9.69470433275369,88.05139512510141,50.41147089919052,3.388301147019662,A
56.87604720729966,8.655071258939802,77.06332893380551,81.69706533414771,3.025309506290106,A
67.05331755251292,8.1707207094928,98.14960019294973,60.76598359226713,2.6106213533934626,A
55.67367606202946,2.579028270449398,67.0936083019343,98.53661205159489,2.4252887527421922,A
96.23468091392814,1.7088758739006582,81.6310946566974,78.45832464071992,2.0663787091248524,A
93.86696766904905,6.68643219924431,96.60140527550087,89.34883381806165,2.6078928024814476,A
62.89708138575778,9.293759891275858,55.12548639953396,47.95148036451091,3.3063255810625662,A
82.99920230170895,5.567628930139298,96.86142436182256,91.72086893635736,3.8766096368969656,A
90.8611100100608,5.7161268946989985,84.39428611504067,95.36543143080365,3.742408964526104,A
77.76004057997312,2.7997909366028417,53.39185295525859,69.22371512913615,3.532129553070605,A
76.48252891780032,7.694929331919369,65.04817834734081,76.37517626505866,3.5768946865065976,A
62.092614545022585,1.8704374855752337,85.40860443226407,85.88858805417973,3.3299698069519907,A
54.65513839029496,3.2367923640424365,53.36753007343859,50.49031763562475,2.520573715132006,B
94.86078789766634,4.254364386164168,79.10852300881366,70.15396458780654,3.8143900614116597,A
95.02090285816652,5.07610378684455,67.29415284764784,63.919781666338785,3.3414646238116683,A
81.65507286366339,2.4240973241508024,81.04577588837385,48.782439529734944,3.12088126196088,A
66.95148955243504,1.1483682473920354,52.28710169062564,62.05206533749188,2.221978938426962,C
67.46047873063304,6.1062004244163255,93.57684030761882,44.09033856312961,2.894111087612851,A
86.29778394351197,2.8863055324025577,98.67444845886985,41.54871441696922,2.9207165424038526,A
94.85551299762886,5.812382214226123,98.44389276428458,48.109977349289366,3.72912721904534,A
94.35432121325587,1.5436271527420231,87.48259158714623,97.78690669535044,3.093296440375577,A
88.99377729288119,4.811401018548175,56.5043120065316,72.97177215370101,2.7608010979408193,A
82.10158230771438,5.325894325515859,87.91315979645113,97.94932966919319,3.953600657021319,A
54.206998249752445,0.5182353682242691,51.229345822940076,65.94987269980791,2.2214411866526316,C
58.08143570473069,3.366042781939206,51.106177576449866,58.70896798511558,2.845096856623889,B
94.92770942635397,1.3441467693897424,66.18051095747705,70.36851177041464,2.0840493503428106,B
80.3214529829795,0.6337497047276774,74.43215952023328,66.3707013179746,3.4798082415338607,A
50.45985258083148,9.899602323899453,88.52037089038966,46.33988105570464,3.836153104398301,A
55.073577143301605,3.2235384497472297,84.16476883032526,78.44957888141238,2.560074659100979,A
83.1750884554028,8.09874445854635,72.29513531883742,52.96229095057598,3.716683353598242,A
50.253079192310935,2.5464065476376385,63.68133331408329,77.17527729386978,2.5844364609237953,A
58.04040257087493,6.8150272222392925,99.85622500788556,79.01206554388921,3.8215403232878304,A
77.4366894683293,7.6022785988968655,71.30906511179865,49.12149118771889,3.507923807193568,A
84.59475988463467,5.956387406078443,72.56935121648377,43.680977626640086,3.6098135536828773,A
82.59806297513003,4.715761885501584,58.181191059583455,86.84569516410639,2.036013111200909,A
61.21346547302799,4.118409141472686,89.74047743749647,67.5880254261592,3.925620714148052,A
85.6089610673768,3.4886826654299528,84.68411128907442,43.48982773032855,3.4533419841406463,A
61.862454374840006,9.29529144247826,61.03848063943802,99.69197903018602,2.6095021907722664,A
66.26998490796339,8.306194077877292,54.11905228079213,43.466833659782,3.6587893297176937,A
87.32457025590121,9.650269106665126,84.02496510373565,81.7021137315132,2.56304239682986,A
82.48164495236074,1.2429722348554473,82.72556071405677,99.02073551580482,3.745507679132256,A
92.4611705247089,7.308674752036443,63.662976349910466,54.350806252955536,2.225160780823874,A
82.88064461501716,9.383404568210379,97.54317811252051,48.53496212123177,3.4073719549215915,A
78.41543016677358,1.8123306616566015,57.55289458904501,47.283096365345735,3.0813969532898207,B
54.683738391404624,0.664962673667775,71.6167400521301,58.196508854055736,2.193068940390882,C
68.38579015297168,7.4112064929005905,97.18079600837994,46.0627486606388,2.483787656517678,A
63.26011838408627,5.744731131799119,70.98636584630611,81.52968050164792,2.0248080725546296,A
62.19948216895418,8.41828776758272,81.92629738320429,43.73750788780376,2.9375359309290117,A
98.65052773762227,1.397723766262895,69.87971989813971,70.56532768898738,2.6025305215200008,A
69.65488623333802,7.952673118598902,63.7107601174335,99.8018112311786,3.1967149685955176,A
94.60232775885567,2.0162732004774453,99.19888239799141,88.83821617036114,2.5944756154172346,A
81.55693129986315,1.636559428657045,70.46670031575215,76.91316629386066,2.599838223013969,A
89.74056517708243,1.6426579793099294,94.70496018395673,58.3752172471967,3.4863863974632068,A
75.1318546552596,8.14574720231382,61.49773029455431,77.43375017749831,2.096285671956707,A
78.84519423131795,6.651972206962001,60.655235201254165,71.6224878346991,3.8057899903839747,A
74.6258846909432,5.230654247691193,51.55670414422557,65.56500303342229,3.704527748782363,A
59.76214938990223,3.5883048412350247,82.58334126879424,47.84262260441197,3.335609366452813,A
86.12260576307526,8.772005408131083,68.42631718618806,93.196252914428,3.1864431402147684,A
64.03861812204279,3.924451074226354,93.21791249198185,66.98707892927935,3.7846049962793042,A
51.21579832157269,8.16599439471577,73.66049533457786,51.6773507092459,2.370660359057429,A
82.27361479535838,4.391349085702184,98.40967139573608,62.06556105263738,2.1579383243816572,A
58.85553397035245,3.769444294249076,59.27627578515606,64.84778515173562,2.479020339819076,A
97.02292921764572,4.626797856696064,93.43115839778054,89.65227373401245,3.5891565574003805,A
97.69642885012937,3.0137787416414206,88.82984263958708,84.01686283368412,2.0693405334529666,A
95.74321951102243,7.476093801762511,88.5460922322026,86.15829361848039,3.1656136701669793,A
68.50793501277222,5.027203900924792,92.23916140584438,40.661875865718834,3.99087503238262,A
50.77283082644337,2.322126951468173,88.05119954714993,64.96923989078569,3.711392187675079,A
96.41592812938626,8.995745732745684,81.31101608157077,68.88064909811942,3.042891378087179,A
71.40920741586572,3.8389122137321143,56.56224388411938,41.1515366093834,2.1272818185732847,B
98.33274095218349,5.435528611139886,51.6263089745626,55.58879252470206,3.6627470287714194,A
98.18099885446264,9.06472110964547,96.04239239078434,85.6173893873281,3.197957016354421,A
92.650472773368,6.242379959139921,80.8325157260369,48.22658234373994,2.229865994119134,A
64.72244460347929,1.1689804070836407,89.82686454880881,72.11860788715549,2.1877145696467126,B
69.25488643009626,9.398321236134752,74.0761175756275,52.91211232103425,3.819253638873185,A
92.55683357584284,6.277080530714178,55.86540944811972,40.727246478633596,3.338400525876157,A
65.84610025781389,3.3490561465708613,56.259289610127524,54.472087455972485,3.6585735986335113,A
58.474637334304624,1.3927207266338726,84.27826436144858,98.55242529460322,3.757957800564535,A
77.84006312291751,7.9402518927029595,71.51529474497313,88.09222671297937,3.1435447040966444,A
96.80773870803904,6.200727559285135,60.02623633501683,97.574598659262,3.0348927035100823,A
84.80148983374865,5.334610919763215,74.57972733707184,69.27124263558174,2.8608548206419804,A
78.50305850446824,8.938925830509577,53.21044685375671,46.584171920650206,2.6338931755822386,A
54.85882468853843,7.885972112245307,79.09857009571994,72.87756933842158,2.8691919217174235,A
80.75036133495848,1.5167487973275118,63.449670221754886,67.26264007359765,3.5477593114603128,A
99.50269250521316,3.1172206779554825,89.87795503185941,90.66142496437695,3.203846862030263,A
57.0042007618262,2.4848913981446574,65.51809794617868,45.88495484705467,3.785046579909692,A
75.91648261818683,7.43946292572677,72.76100745409006,69.29446822130669,2.8867600287583755,A
93.86865359639776,0.3353243473577938,50.58102699540503,49.00291988163906,3.214179157437508,B
87.03843088771022,5.698896848713165,53.62234438972794,59.480555613403595,3.2626151061839774,A
84.8507870497634,7.624586857406905,69.62467782033424,84.24142464326798,3.1833943246126513,A
85.12420419935546,8.767656367617494,73.99694173585618,68.561087762126,3.4052675461710327,A
67.97455756098776,3.4208174871590744,80.00102740596519,62.553297108746165,2.4748669367496126,A
64.67959221322467,8.212573046720129,64.58312893546517,63.66857671420212,3.024727555091581,A
90.46805777392568,1.1063173695520723,84.74909430632712,67.5668061043592,2.2084496056166953,A
90.50566973395904,8.464522917345182,93.00611985946023,87.10099263022342,2.769022655289625,A
93.35361592900519,1.2748866233198242,88.99254944466749,93.52508133641406,2.9753341372425286,A
95.66202762782356,3.9728729056036727,51.980941267417855,97.3200811902357,3.304448519090945,A
75.56711994304689,7.972953657795536,74.02534736289145,87.2142031753177,3.9010621051724073,A
75.07581473435998,1.4991742734877378,55.246508920908745,58.924413744880766,3.2013021330967115,B
89.91475894833876,2.2925139523264146,62.10225079312637,81.28808236519254,3.4871878323531194,A
82.49819653888827,7.222525683930662,99.33312966335733,66.25618744332351,3.0125321189904053,A
85.09834386288517,7.200365365460744,57.12477714507566,55.28023732276307,3.2682080627526626,A
89.78963347180505,6.411476328852973,74.9444076725678,90.45229476555537,2.141864432267547,A
94.50026709087831,6.939484444671001,80.90778671590596,42.3055809377395,2.508783161683694,A
66.89975784257679,5.427244433475962,85.12324852720519,94.1057195281254,2.7237061864102774,A
68.7791476319972,2.5179905890695276,77.98243417434571,67.68864787748404,2.944986710013027,A
54.69909699204345,3.4569599350391944,50.48854237095918,78.23208860849682,2.0912974910047675,B
78.9140070498087,1.8159771680142567,66.3230654121996,79.56123533234697,2.2800481951066356,A
51.797113689837104,9.084505613336283,75.88558216923558,93.70706444239218,2.5536286155826113,A
73.27990090662301,5.833917947661204,54.39332495724167,78.20018093003245,3.9430653818021013,A
77.13223173537884,4.008514167636399,67.53134656045904,76.8360150856037,2.6626940142061013,A
64.32706260641422,4.620058036441327,51.66015543956833,43.999122433641396,2.964082116224165,A
79.54166302845053,9.472833396118153,53.928924857751035,71.10448131671225,2.392195425476786,A
51.52501249695247,1.533514031160802,69.8461638100798,49.010140049022496,3.2215601421515365,B
51.86740943746072,5.862298320167972,56.63578770215302,84.24602612328914,2.5613664310319484,A
91.13002803298292,5.05888678884466,78.3770424130779,70.73331524876048,2.4139851568768536,A
68.00953207056314,6.1145423543464785,84.47324845686329,80.8136667525012,3.033145256891958,A
56.35302563259424,0.18110183820840509,90.02933495545415,42.50037403614306,2.0110115983208416,C
76.11216300274022,8.721239089441514,60.007512212240506,45.087520962748194,2.0153280652984504,A
88.49967765493054,9.321182824836123,58.37412911295349,82.97940328376094,2.4381376182037156,A
60.791051374842155,5.65133183589209,55.228392016720015,44.325060159920405,2.0734427250016423,A
81.14452379095002,6.966508238768922,81.82151247718184,44.27540366591552,2.2160515082613825,A
54.2673732496884,9.224993811772958,85.32378632434506,40.72650851409325,2.677721298677503,A
52.58408605843039,7.072386343133986,51.5793072412821,97.39008389796881,3.605171359159626,A
76.5677315784074,1.5253904291426135,96.81061231218449,84.25050156754043,3.1440972867386017,A
77.03175608050532,5.762883601668132,52.59856418257362,61.19508451012385,3.0253354519128326,A
81.87149507491033,6.067150463828559,77.06481676505352,57.792134877259315,2.5869776464162433,A
86.30456668613309,4.24130671302386,85.45302597254582,60.982193784750976,3.863507438865633,A
98.79260397312673,7.3644423562472285,93.54845618730428,86.47921187087091,2.794030082474383,A
75.81501741505977,9.343670147690148,85.70434660662139,79.68223666422486,2.174185533591543,A
66.1478236470623,9.255685129067764,90.08640415348958,51.11173407204808,3.2341330322356026,A
89.75930973843518,4.508393714041321,66.97250962714031,50.44656012004506,2.227676786953203,A
63.54161256310371,1.1323804584075525,90.7412556873256,45.90373898280384,2.690446285603384,B
71.9485710352818,9.848411989623346,54.00574231923376,79.61816318208028,3.0148238774356177,A
53.922819067113295,8.388980864459342,94.74083280302638,85.86235973330416,3.7484450493703516,A
51.267537170772876,1.2466268120326685,77.37961880768681,55.90278569950024,2.9870931606802373,B
98.13242073389625,9.208418826173723,90.86488849812469,41.256697661854766,3.4045175320633287,A
91.79900602561028,8.698963620621283,72.615914225915,44.93030004858564,3.9856336779981407,A
84.7987103046849,5.188380571260721,82.17888475982625,98.07160209070183,2.262978239795963,A
70.44764722071349,5.912754357449293,76.32013304680567,57.72668664864521,2.549463051039039,A
58.66471600354229,3.9900270387013026,86.5794760877666,86.15338887028801,2.789152151195293,A
57.8218521335543,0.5476163882203133,54.08149910152948,77.47981413125584,2.8436563570776627,B
62.512144908229764,3.3519724164590095,53.01760419952819,62.91637837917375,2.8220421505310913,A
77.46133323530603,8.028534485980114,62.355161700507324,52.341235731733306,3.81522200511311,A
85.72979613500311,0.04632023004602859,57.97723400565942,47.283185089564384,3.4280652889337127,B
83.00986883588656,3.334991716911442,93.58917832961009,76.900778082332,3.2158104281814075,A
63.99669484729714,3.9816869359094333,60.960699367902215,86.47802683826728,2.618745435725564,A
97.7432640331597,5.373956029379229,98.79326279095656,78.63425521246785,3.647580768442589,A
86.89484583478843,9.198556164127606,66.84478958855534,71.81812799494949,3.910121022969978,A
77.71770262557004,3.4634599436596125,59.10589578443496,42.517073405898174,3.6423965651004533,A
80.5860373117176,3.469532018962277,89.48492535712396,98.10932665566303,2.003130210382946,A
70.9800031213895,7.3750124810974835,82.9353887750438,87.92285149927447,3.272802740366814,A
62.386549475057876,4.522179408898071,74.90978582265694,57.56932220205788,2.1022707628842014,A
67.79863393256308,2.2460482293998196,77.76817754688156,98.79821976153104,2.5152144406674437,A
87.89230552321845,4.524395161326934,85.96008891361319,76.11289537817933,2.1190494006955434,A
50.719674431487796,1.4085702037979986,61.422737066564935,74.94535949243479,3.2075909058987753,A
55.80363202534581,1.763869865062233,99.8166958028371,84.88439076577193,3.3731798269852136,A
52.30013210108764,4.983677727394797,98.73965810733915,88.70618728540825,2.22897527613181,A
52.03644011594851,4.189254495045479,82.51628431734684,79.38871643989016,2.767677766089959,A
92.77302920055035,9.148459010681,59.97712254645725,47.685744781972005,2.912473017911084,A
85.18289296900119,3.623938991166331,84.01141212156458,60.296050359669906,2.7381060435218334,A
73.70869145436626,5.805883502780435,53.60992044895879,95.685018419563,2.2420500009703863,A
54.89170803255007,6.322642879195303,51.532625110290304,53.476936710631115,2.837895580374951,A
74.58079375584163,0.13094456588333636,62.884144425560685,62.330021430250795,3.502356095616836,B
73.67358853902829,6.635373720167106,73.13114783696582,65.92461297665176,2.1420153290665107,A
58.66009349550076,1.7803596686975143,93.41362527041903,66.36429938166714,2.160360028163807,A
71.69258246189865,9.610703174694551,86.3584534883154,76.77637494967152,2.7095425836719684,A
69.92523671986868,1.4866272775311296,87.13532605999904,96.58455026468246,3.88345142323785,A
80.79250490261083,4.146241237270237,71.27466672240377,54.4415627099503,3.337145293445828,A
81.75468254338219,0.8534966807864386,67.29674962734815,47.290082578055085,3.35733991334513,B
52.265200488602225,9.968742518459473,68.55193814923014,51.848229391596234,2.72383998167573,A
68.73063073132356,5.021950103312426,99.3824781868029,93.21549401255618,3.187321582417077,A
81.29299578571182,5.953850173200438,52.005459570624126,78.74864875931236,2.0202623680554868,A
75.15681292900439,0.6707647738842748,93.35157480612243,57.15440735434961,3.2721920928190844,A
92.82449205941612,7.499604703991778,78.93377042861967,88.95681633811704,3.8265738951524737,A
82.93468158094726,2.0990559309558576,71.93077095947953,91.68219978180616,3.2251469366896384,A
58.14672135407149,8.980542894407137,86.26288302075682,90.79086032141669,3.74739718693269,A
53.52843737002149,2.0513964048200717,74.33344707123514,95.13559201837327,3.447946110932188,A
82.12096391031578,1.9068772066366657,93.67116190408302,55.134461210401696,2.2411168328073803,A
51.32556552708109,0.3654966784809488,95.03509320056293,85.3025157247767,3.804906614571683,A
79.28877906367316,4.720669451099992,71.08604634367276,67.6323698364484,2.1328876887115498,A
97.01151207124788,5.648411332626164,63.841389861752575,90.5199131734037,3.0679349450955273,A
78.77370889379395,0.6570863942835237,79.61751642966811,83.70944062969679,2.2842742475869153,A
69.4084963103261,7.755276166950106,95.61816728083454,86.58684678998347,2.023413221461808,A
82.16441092211767,4.532888347480276,60.53310945028333,79.36971026086428,2.844068520255278,A
72.91264452457582,5.243902693275801,81.14832917817414,50.645726168182414,2.5900814153083127,A
77.28083946579675,4.407627469382281,81.57801100462603,72.70161513381629,2.972000987595206,A
97.07324043882626,4.00763060875326,86.65565112076405,99.0801843714705,3.154399773469102,A
69.30513189003871,5.596403313082179,56.57838425636299,96.24328398982713,2.0874781446178945,A
98.05952819119571,1.552402459307125,85.79124823410443,42.5904241478207,2.2460065902474913,B
95.26753209780318,1.8192813049527112,95.45162603328205,49.888888943766226,3.1172847929008505,A
59.78955673946482,8.617856210135173,58.984155443512094,47.903726407273716,2.6863347063453165,A
53.46806504375827,9.461154621336327,61.87716624619388,83.55879459911773,3.458346975098896,A
55.038900068871335,3.7330931627975295,98.56975470208198,89.0671197914167,3.3045832971838793,A
50.91109128257749,2.707446731435538,59.04884763547449,52.81068197864032,3.6912087259798136,A
54.72214803779642,6.439995432390157,92.71925466847895,70.35116157710974,3.3849856533384504,A
84.15033867081785,4.087341710980964,74.61389282240174,90.44218168067201,2.8598621547802963,A
53.55943242301145,0.2538635566034486,62.36155372015885,83.96809268597504,3.345933244788865,B
65.94878151468806,1.5615259736619036,93.53749506362557,72.5342323295109,2.550762348510837,A
92.24376554847274,7.159722288473976,72.26526275013327,75.42086142752638,2.6126269975564256,A
51.163596786791295,6.589239419101514,75.74086769648451,70.5016328149768,3.5779703198415866,A
90.72342412944678,0.2709599250348349,67.96166846998828,57.85290707912924,2.892839032803164,B
64.09273873867,2.219721619329494,79.64754257174637,73.90131957154097,3.596760681036705,A
55.90824138108281,2.310747965880714,58.17619362925114,81.33311812300545,3.644844747336557,A
84.83685826820754,6.718927435987284,69.55407683258804,92.39937495164847,3.7151246753225675,A
81.4471423389942,0.19710537754364155,98.47061611676438,78.1774812387549,3.8332704716824146,A
93.87360067635265,1.0410858198457384,62.90667163505638,85.66729222258948,2.8619704410265925,A
86.75355219019428,7.999160853731894,82.8368332270646,49.60429809727438,2.6377336366422774,A
90.17404651924244,1.7854466205433361,66.25950321123474,67.6934484651874,3.1643974931882277,A
64.10172862856533,6.527461078518747,88.67365628433004,40.559897189625595,2.7423448468752554,A
58.87197718898614,2.381827810467265,56.54368303591749,54.80073187129738,3.2021483336004657,B
87.53073758204292,0.9944139275934516,98.49105225392724,83.5877029067803,3.411171725287649,A
90.3417369633632,2.4317219099945406,72.68947706918196,99.5085970809618,3.3768100369842737,A
99.52525710003366,7.2226693185565916,61.8025231673232,45.95068597523296,2.7491057740402427,A
70.63088384557133,8.556964681062858,53.67483736650063,64.0896589516773,2.3337204033975056,A
68.60090428963916,8.302198645669916,58.48789525437704,88.00425812194956,2.861058676924415,A
88.82064803709984,3.9718352961845484,75.98869742780089,52.24213807773393,2.2851882881638175,A
67.0401770126509,6.680851365706461,66.85015882156432,73.30509695813717,3.7801940703676165,A
96.53786628017824,2.0498429541582097,91.44416829413046,83.98427776178049,2.691754921475715,A
92.9206375921506,2.9314773026101326,71.5443761830903,76.95912701561073,2.3089194944466476,A
71.44970136875092,8.963358185211197,62.435713629381496,51.28148407692497,2.050895519811502,A
87.54355338957487,0.13001923510736035,80.8572493302015,61.323074121144366,3.2916447725729685,A
87.72714370423412,0.8550853085446808,85.33886084427229,87.02750706912383,3.2738046349094865,A
55.15619344179663,2.078862551460273,58.35209539504749,73.253590847921,2.6812083331625836,B
95.12764533397834,0.26532203873819715,58.380960814415886,40.313776812574766,2.1434237776953022,C
75.26261862239286,1.8143543508979731,51.83357134667715,85.65944560168563,2.819257789790464,A
91.32287330538708,5.830415609696922,86.82010075328202,42.118681296414344,2.622434990126787,A
66.00248005153058,4.214245505924979,83.19022638109026,84.74402696387392,3.3542412794700187,A
94.77616142481003,8.926717110769749,73.7315437874907,52.14883360991425,3.2115584989053807,A
69.46008393670816,8.17443561738441,92.20852244845986,97.48440880716282,2.72918745639508,A
50.54188257401492,3.4181735169787597,90.28350764750266,62.07644507812507,2.43578510850998,A
95.26909882096318,2.594234334312925,79.2677182198376,59.615896980284745,3.976071932311184,A
54.56433383930668,3.7969240816726693,93.41356402566294,48.93328301994668,2.9080032423922297,A
65.96568187952074,5.902949425148077,60.292060501838414,58.33625292941289,3.376548471560474,A
97.50309835254025,2.6806364082287626,55.5959809698864,92.59904570969204,2.2811059351567216,A
97.5303573468778,6.24148907849134,63.48748057584948,99.78006025763483,2.9711793993187956,A
78.67189440616431,4.0941165219124045,52.854342804465745,62.098571830410904,2.0550734397389308,A
81.59186060848997,5.520471808519803,76.5584764000516,66.91663785727255,3.0109102358208997,A
72.42227609891599,4.361265291353167,96.83028461474808,83.32425629216422,3.9280348142354047,A
64.66053858490322,2.9446575954191765,51.967177033425486,93.17174682790447,2.7684134259716005,A
66.4332272684958,9.484533069621566,56.105495700501336,75.58266005120706,2.077992025149823,A
83.62592280385192,7.636057941597608,72.60995141417176,63.491541890669765,2.061911581838687,A
87.618726471884,1.4011317576645255,96.69375087639524,64.75731045091743,2.775973519893739,A
89.57895218629243,8.684679758979128,65.80780524883752,81.73708878980841,2.320049872926388,A
89.48090713972769,4.874311982495136,75.36174043441963,40.19309581625672,2.046704192656372,A
54.560305152434516,8.945522268940914,52.0786429525196,77.17536024759045,3.5124272279003534,A
74.72101523512907,7.998552559473152,57.41716004810444,61.329580626481444,2.9170460177637816,A
52.877938000832216,4.252135044692334,99.33150614794235,87.65183987662505,2.578489543945309,A
77.47644411618677,0.22469308320117398,98.25593482180227,45.57943838938793,3.800166366032961,A
72.07652506866884,2.686773593849461,50.24699904672048,75.29213601690343,2.232277920401051,B
94.38520913791498,5.416342146608669,97.59058927116195,68.85837339316743,3.911837657910638,A
67.54575062760394,6.334782198261473,81.95599689077503,78.53953155431364,2.6279334347547056,A
55.853350821380296,2.578876854332023,93.39591472600111,43.8912156689781,3.7768073446173624,A
57.149584102641796,1.3935607407282413,72.73699278169295,74.79902724568788,3.205885752958923,A
88.07553158587362,8.34930236799299,75.77980142896251,73.68907527757142,3.653414719482975,A
80.91090316581305,9.84402180703552,74.44232901284602,73.63960566497025,3.9680263264209286,A
55.05613380613951,5.256901823026858,83.34321287730522,76.20925999578729,2.5768108756374914,A
54.20534030574987,1.716792858483035,56.98256273781564,80.58807623358173,3.9222709708151857,A
85.048456572956,2.7230732651936895,51.4986794936339,88.29933998084618,2.7789637898048407,A
53.638150318209675,0.18390676547466733,65.39649707955954,56.18924320769286,2.771023809473845,C
91.09300296451781,9.14298806560499,85.23403813683234,89.50296461080373,2.6807742085090114,A
85.31211135782482,1.1775108289014113,60.09267260614742,69.89534093580721,3.08281521469517,A
54.06743903209499,5.765164755142536,83.67162166624587,44.62349674805987,2.3082900863569744,A
54.241885704259595,2.74055220687206,98.49560230536352,43.51305575463875,3.1074229707160224,A
99.33197892505876,5.541780025157934,54.69503578947092,60.05429912176365,3.083409624820008,A
68.71353978780601,6.514203883518642,83.63010591125632,87.09381862668806,3.52380362520974,A
68.53210735334454,8.297418037072017,72.18751096522855,82.46085608445495,3.667299923875171,A
90.63997836287513,2.064212717606032,93.40711271887527,87.31689788034438,2.880882700624848,A
97.36242886919294,0.10995828658480478,58.857489472369295,71.03614338649656,2.6046664987029873,B
99.30005319114355,1.3688563006880727,84.63129761130823,66.41193987732943,2.5186697946341887,A
87.66890926294708,9.00018641848105,91.90576448240552,48.84715160237704,2.389247673409744,A
68.81297927654579,8.738900775625153,97.23071097370116,59.69156521655869,2.1152951643980495,A
54.17503583493344,5.974131021703083,84.16240141448229,66.04116197043251,2.6848959576694265,A
88.85734579637185,6.005168604336534,74.85873820042136,45.31602578077703,2.5404953842615665,A
77.92021248679025,6.650366745462555,80.8923620100607,53.236717162672676,3.9328347717328147,A
71.21110046234881,1.753712786234496,93.44524922393592,75.89351764382434,3.1154176525000876,A
95.3177192547368,9.144119459249598,78.53048733194149,84.1397868543514,2.694554078061015,A
55.559874115307565,4.187705248920731,51.519352984841845,99.90085068357698,3.160935201987392,A
74.63125521454296,3.8313852824949746,96.54743477534889,95.98679988061346,2.278393402691391,A
50.567682238370956,5.189177052828375,84.47633755157806,78.5539119721115,2.888087498404406,A
73.43303209970631,0.46965966775055046,83.82566928886233,65.27488319764433,3.2524686428421274,A
52.815163784091865,1.662833687560794,60.78375761988586,78.17064188249395,2.977795663584903,A
55.9408958134036,7.380336164263705,82.94427351163286,87.13909708481393,2.8035576013086487,A
55.87631233885524,0.8279866792512647,69.69322028270793,47.10017145540324,3.987696777799396,A
82.46051510580318,6.031521094663882,82.5616488520746,64.59429338177729,3.760629524297854,A
87.30224396327117,2.4534910968132095,55.32965151539953,90.38813713813704,3.2468119163188804,A
79.16843825485799,3.8929561404197655,82.89226523015179,63.02997711598264,3.1387547223645655,A
98.10862742372709,2.8869373677069987,99.97068628853333,74.31233627363119,3.241320959649168,A
68.7435289761852,3.5567271646494913,52.4106019430278,75.26616165173189,2.4026242156448667,A
64.28560431409304,7.1904590518424545,98.85870921106587,51.06857518801836,2.790275486528637,A
93.42995640947302,2.9712171562317504,70.34539803614354,61.734126499137304,2.0789190657817986,A
61.17979192597263,5.664046402968972,93.53767251686295,60.07067732451593,2.951092074973653,A
98.16112697203056,4.760504021990997,89.11927420291367,41.571802511923885,3.086049167915326,A
50.60772373449082,6.636711653626481,78.3508130493334,41.45150583348131,2.4554994722064194,A
98.49394133538195,9.36829739324758,86.92246046256633,89.9018226205464,3.9280576943310272,A
52.1579955975288,7.325720972102503,93.92577806506739,56.38424859836874,3.818909221874484,A
94.55715568490356,2.149403785907568,70.20701608255165,71.08472597432893,3.4442864709118117,A
76.385055454315,0.3118313506128467,66.35165807816193,57.92353441532639,3.066773257530725,B
99.64823980596502,2.622640442998251,83.37966927817924,96.44075470692043,3.73993831929537,A
53.68982823676994,5.9507793070025485,90.39229709706294,55.55780553194643,2.261304687646926,A
77.69271422006604,0.5142581348425035,88.11425673883079,65.7794087643361,3.58101958854977,A
98.46512678095495,4.963662472012364,89.89068244293173,92.36381502907611,2.2496416279336966,A
76.15489220850745,5.968428489168892,71.77916574064665,90.51601400750852,3.588421325098811,A
81.46993190676312,3.3424389081696084,90.89171080875107,51.16608507077664,2.551535136502714,A
84.78743444923086,7.7091220374582194,56.01045276853042,88.15859858774263,3.754181162036378,A
72.72705323838866,1.065982531337718,77.22445489804248,67.49121320427356,3.8880841876507954,A
81.37790400420317,0.7513778173580876,50.28793302490608,68.97813232512131,2.297591938810231,C
79.21571559615501,7.281887562036033,66.22929149501351,48.00879834495663,2.925351210130787,A
95.05790052454944,4.954913162061985,68.32307674356989,44.836090825427476,3.96197475632537,A
52.272319017072896,6.88402396427736,69.80863458046277,83.6763584184259,2.9668148719462932,A
64.04815947961151,4.348273386037462,84.7733603344931,69.78766914131799,3.72709504502909,A
97.52057420382793,2.464020332391068,69.42790506351729,66.21104215691076,3.1774630442626397,A
94.51318919454582,8.191023176741997,72.43468113112652,83.7704937191438,2.750659815839204,A
72.78283763928565,7.994158789689792,61.87720654371637,85.93077393946658,2.57156711105174,A
81.00662989007684,6.946964708544268,68.662589581467,49.53449006016122,2.4064461821721745,A
63.86905914905663,2.7214513722996267,61.363481363157575,76.61350896865848,3.5235963827553944,A
59.40605798618807,5.902306668690871,53.659796188422185,48.12124493666113,2.7730810136460557,A
73.18492024699911,3.6097389694002677,80.17242966906889,85.08250516174274,3.0225509244015023,A
67.66761140130264,0.9158207332663415,83.41063992775082,79.41730937602837,2.984650960002364,A
79.1828055925436,9.173135754622429,80.97451730048073,97.39687726500748,3.1545580584662627,A
53.88673184824924,1.368186309189614,73.17470219002863,44.13748098138527,3.7311542912491045,A
98.71974038330833,9.502373538208024,68.98928900896149,43.423283269075256,3.961478687166859,A
99.31053722398013,4.460057729579558,93.16668247859127,56.93122448159201,2.8151684171476337,A
